Variable,Coefficient,P-value,Significant
const,26.9157366748134,2.4386016132417977e-121,True
dist_center,-2.7259062832052345,0.0,True
trade_year_2017,1.171646944342024,0.0,True
Lat,1.1098452027213148,0.0,True
trade_year_2016,0.844676124766481,0.0,True
trade_year_2015,0.5524034629805672,0.0,True
Lng,-0.5214407533338683,0.0,True
district_6,-0.5137695738102303,0.0,True
trade_year_2013,0.5054832605119387,0.0,True
trade_year_2014,0.5020642273372015,0.0,True
buildingType_2.0,0.3653430493696531,5.802544147451179e-43,True
district_5,-0.35230756145844494,0.0,True
buildingStructure_3,0.3051714384496478,9.754302109477347e-58,True
district_2,-0.30009121082033635,0.0,True
district_12,-0.29423404431912054,0.0,True
district_4,-0.2822622024171008,0.0,True
district_3,-0.23576983695596526,0.0,True
district_13,-0.21753930032462176,0.0,True
district_9,-0.20033797122146105,0.0,True
trade_month_12,0.19534752914801418,0.0,True
trade_month_9,0.1740930251961203,0.0,True
trade_month_11,0.170739094053353,0.0,True
trade_year_2012,0.16702456799443421,0.0,True
ladderRatio,0.1652214461281751,0.0,True
trade_month_10,0.15844048013998022,0.0,True
district_7,-0.13629632328640318,0.0,True
trade_month_8,0.13284976396708098,0.0,True
log_square,-0.11375506387130802,1.6091503892395852e-135,True
trade_month_7,0.10932616647980417,0.0,True
buildingType_4.0,0.09809929053544733,0.0,True
trade_month_6,0.09640176650421689,0.0,True
district_10,0.09497981168030427,0.0,True
trade_month_5,0.09247851429460799,0.0,True
trade_month_4,0.08620463915028549,0.0,True
kitchen,0.08078804987293818,3.154778131193336e-87,True
elevator_1.0,0.07390991491763949,0.0,True
trade_month_3,0.0723110021989209,0.0,True
drawingRoom,0.056657105290156995,0.0,True
subway_1.0,0.055891039192365224,0.0,True
buildingType_3.0,0.05573015041555989,0.0,True
buildingStructure_2,-0.04445005649356043,1.7823267157250815e-172,True
renovationCondition_2,-0.04301635697029272,1.2461098311063137e-38,True
trade_month_2,0.03894128602115935,1.9621980400501828e-77,True
floor_level_顶,-0.03762031238232792,6.146866464916374e-141,True
livingRoom,0.03646371231469878,0.0,True
bathRoom,0.03589199809241711,1.1333918827429968e-128,True
renovationCondition_3,-0.0341691645328287,5.705475718584353e-118,True
buildingStructure_4,-0.03275701206532134,5.872108237782518e-41,True
DOM_missing,-0.02802175352625545,7.907116333018306e-165,True
floor_level_底,0.023723833375668593,6.854922812602357e-46,True
renovationCondition_4,0.02168474658441641,5.844965179559577e-55,True
floor_level_mid,0.012508288250530256,1.0517034244197537e-31,True
district_8,-0.0077438596057216365,0.0006827552794264554,True
fiveYearsProperty_1.0,0.004900046080215629,6.672899037083706e-08,True
floor_level_low,0.0036150515639529236,0.0032157429249577607,True
log_followers,0.0030434776919331915,6.065456767708937e-08,True
square,-0.0017366079483421136,6.377956867223646e-239,True
property_age,-0.001534778860633625,1.4472943011960218e-103,True
followers,-0.0009371326099825562,2.489872180506238e-270,True
DOM,0.00047013489439475204,6.574582345302695e-168,True
