Variable,count,unique,top,freq,mean,std,min,25%,50%,75%,max
url,318621,318621,https://bj.lianjia.com/chengjiao/101084782030.html,1,,,,,,,
id,318621,318621,101084782030,1,,,,,,,
Lng,318621.0,,,,116.41845474486055,0.11205213596290492,116.072514,116.344985,116.41678,116.477581,116.732378
Lat,318621.0,,,,39.9495838981553,0.0919873531924175,39.62703,39.8932,39.934527,40.003018,40.252758
Cid,318621.0,,,,1129126390208.2725,2364299654627.815,1111027373683.0,1111027376255.0,1111027378407.0,1111027380579.0,1114619720585020.0
tradeTime,318621,2560,2016-02-28,1096,,,,,,,
DOM,160833.0,,,,28.829382029807316,50.241804820867515,1.0,1.0,6.0,37.0,1677.0
followers,318621.0,,,,16.743378496709255,34.21864816229635,0.0,0.0,5.0,18.0,1143.0
totalPrice,318621.0,,,,349.282076197112,230.67350161435022,0.8,205.0,294.0,426.0,18130.0
price,318621.0,,,,43561.856672975104,21685.324902988134,117.0,28071.0,38752.0,53833.0,156250.0
square,318621.0,,,,83.24236211674688,37.23641855580098,6.9,57.9,74.26,98.71,1745.5
livingRoom,318589.0,,,,2.0104366440774792,0.7768696752933627,0.0,1.0,2.0,2.0,9.0
drawingRoom,318589.0,,,,1.171929978750051,0.5223107944174091,0.0,1.0,1.0,1.0,5.0
kitchen,318621.0,,,,0.9946048753848616,0.10960588977236518,0.0,1.0,1.0,1.0,4.0
bathRoom,318619.0,,,,1.3766128197000178,19.42592877106579,0.0,1.0,1.0,1.0,2011.0
floor,318621,203,中 6,34758,,,,,,,
buildingType,316601.0,,,,3.009815834441458,1.2698313570246578,0.048,1.0,4.0,4.0,4.0
constructionTime,299355.0,,,,1999.0033304938952,22.450909534391563,0.0,1994.0,2001.0,2006.0,2016.0
renovationCondition,318621.0,,,,2.607408174602427,1.311517706634474,0.0,1.0,3.0,4.0,4.0
buildingStructure,318621.0,,,,4.451181811619447,1.901738372257684,0.0,2.0,6.0,6.0,6.0
ladderRatio,318621.0,,,,63.21018995295349,25077.552408273947,0.0,0.25,0.333,0.5,10009400.0
elevator,318589.0,,,,0.5770977654595733,0.4940209515959611,0.0,0.0,1.0,1.0,1.0
fiveYearsProperty,318589.0,,,,0.6456939819014467,0.4783032319813995,0.0,0.0,1.0,1.0,1.0
subway,318589.0,,,,0.601084783215993,0.48967603498773565,0.0,0.0,1.0,1.0,1.0
district,318621.0,,,,6.7631920055489125,2.8123294698997374,1.0,6.0,7.0,8.0,13.0
communityAverage,318159.0,,,,63679.69872610865,22327.67797513934,10847.0,46339.0,59015.0,75950.0,183109.0
