Variable,Forward,Backward,LASSO,Agreement,Selected
DOM_missing,1,1,1,3,True
Lat,1,1,1,3,True
buildingType_3.0,1,1,1,3,True
buildingType_4.0,1,1,1,3,True
dist_center,1,1,1,3,True
district_10,1,1,1,3,True
district_13,1,1,1,3,True
district_2,1,1,1,3,True
district_4,1,1,1,3,True
district_6,1,1,1,3,True
district_7,1,1,1,3,True
district_8,1,1,1,3,True
drawingRoom,1,1,1,3,True
elevator_1.0,1,1,1,3,True
ladderRatio,1,1,1,3,True
log_square,1,1,1,3,True
renovationCondition_4,1,1,1,3,True
subway_1.0,1,1,1,3,True
trade_month_10,1,1,1,3,True
trade_month_11,1,1,1,3,True
trade_month_12,1,1,1,3,True
trade_month_8,1,1,1,3,True
trade_month_9,1,1,1,3,True
trade_year_2012,1,1,1,3,True
trade_year_2013,1,1,1,3,True
trade_year_2014,1,1,1,3,True
trade_year_2015,1,1,1,3,True
trade_year_2016,1,1,1,3,True
trade_year_2017,1,1,1,3,True
DOM,0,1,1,2,True
Lng,0,1,1,2,True
bathRoom,0,1,1,2,True
buildingStructure_2,1,0,1,2,True
buildingStructure_3,0,1,1,2,True
buildingStructure_4,0,1,1,2,True
buildingType_2.0,0,1,1,2,True
district_12,0,1,1,2,True
district_3,0,1,1,2,True
district_5,0,1,1,2,True
district_9,0,1,1,2,True
fiveYearsProperty_1.0,0,1,1,2,True
floor_level_low,0,1,1,2,True
floor_level_mid,0,1,1,2,True
floor_level_底,0,1,1,2,True
floor_level_顶,0,1,1,2,True
followers,0,1,1,2,True
kitchen,0,1,1,2,True
livingRoom,0,1,1,2,True
log_followers,0,1,1,2,True
property_age,0,1,1,2,True
renovationCondition_2,0,1,1,2,True
renovationCondition_3,0,1,1,2,True
square,0,1,1,2,True
trade_month_2,0,1,1,2,True
trade_month_3,0,1,1,2,True
trade_month_4,0,1,1,2,True
trade_month_5,0,1,1,2,True
trade_month_6,0,1,1,2,True
trade_month_7,0,1,1,2,True
buildingStructure_5,0,1,0,1,False
buildingStructure_6,0,1,0,1,False
floor_num,0,0,1,1,False
district_11,0,0,0,0,False
floor_level_未知,0,0,0,0,False
