Variable,VIF,VIF > 10
const,15093418.8,True
buildingStructure_6,491.88,True
buildingStructure_2,468.6,True
buildingStructure_4,84.9,True
square,22.82,True
log_square,20.94,True
district_7,6.03,False
Lat,6.02,False
district_6,6.0,False
Lng,5.99,False
dist_center,5.1,False
elevator_1.0,5.02,False
buildingType_4.0,4.58,False
district_11,4.08,False
buildingStructure_3,4.08,False
floor_num,4.04,False
log_followers,3.93,False
district_13,3.79,False
district_8,3.77,False
trade_year,3.69,False
district_4,3.62,False
district_2,3.35,False
district_9,3.29,False
followers,3.13,False
livingRoom,3.07,False
district_10,2.84,False
bathRoom,2.76,False
property_age,2.38,False
renovationCondition_4,2.36,False
district_5,2.33,False
buildingType_2.0,2.26,False
renovationCondition_3,2.17,False
buildingStructure_5,1.91,False
drawingRoom,1.87,False
buildingType_3.0,1.78,False
district_12,1.74,False
floor_level_mid,1.7,False
DOM,1.61,False
ladderRatio,1.6,False
DOM_missing,1.54,False
floor_level_low,1.53,False
floor_level_顶,1.45,False
district_3,1.39,False
floor_level_底,1.35,False
subway_1.0,1.24,False
fiveYearsProperty_1.0,1.17,False
kitchen,1.15,False
trade_month,1.15,False
renovationCondition_2,1.1,False
floor_level_未知,1.02,False
